ReturnDate,TerritoryKey,ProductKey,ReturnQuantity
2020-08-15,8,328,1
2020-03-28,7,312,1
2020-11-27,8,320,1
2020-08-12,7,377,1
2020-04-07,7,311,1
2020-12-16,4,377,1
2020-12-05,6,387,1
2020-12-05,6,387,1
2020-04-16,7,347,1
2020-01-21,8,346,1
2020-04-08,7,326,1
2020-08-26,4,387,1
2020-01-18,8,38,1
2020-04-27,7,348,1
2020-05-16,7,313,1
2020-01-18,8,38,1
2020-08-25,8,334,1
2020-08-08,8,354,1
2020-04-07,7,311,1
2020-05-06,7,324,1
2020-12-06,8,360,1
2020-08-03,1,352,1
2020-04-08,7,326,1
2020-07-22,8,377,1
2020-08-07,7,352,1
2020-05-30,4,314,1
2020-08-08,8,354,1
2020-12-12,7,362,1
2020-03-28,7,312,1
2020-08-13,7,352,2
2020-08-13,7,352,2
2020-07-03,4,373,1
2020-08-13,7,352,2
2020-08-15,1,377,1
2020-08-31,8,373,1
2020-08-25,8,334,1
2020-01-21,8,346,1
2020-08-15,1,377,1
2020-02-17,7,311,1
2020-04-07,7,311,1
2020-12-01,8,356,1
2020-05-22,7,314,1
2020-04-01,8,311,1
2020-01-22,4,311,1
2020-08-08,8,354,1
2020-03-26,8,312,1
2020-03-08,8,350,1
2020-08-26,4,387,1
2020-01-18,8,38,1
2020-12-18,4,352,1
2020-08-08,8,354,1
2020-11-24,1,330,1
2020-06-07,4,342,1
2020-02-24,8,314,1
2020-07-03,4,373,1
2020-05-13,1,38,1
2020-12-11,7,375,1
2020-12-12,7,377,1
2020-05-14,7,313,1
2020-08-14,6,377,1
2020-01-22,4,311,1
2020-01-18,8,38,1
2020-02-15,1,312,1
2020-08-28,4,370,1
2020-01-22,4,311,1
2020-08-28,4,370,1
2020-08-23,7,354,1
2020-04-01,8,311,1
2020-06-07,4,342,1
2020-05-07,7,351,1
2020-12-04,4,324,1
2020-08-13,7,352,2
2020-03-26,8,312,1
2020-07-11,8,387,1
2020-03-28,7,312,1
2020-11-27,8,320,1
2020-12-11,7,375,1
2020-08-13,7,352,2
2020-05-24,8,322,1
2020-12-25,8,387,1
2020-12-12,7,362,1
2020-12-14,7,377,1
2020-08-26,4,387,1
2020-04-16,7,347,1
2020-04-21,7,312,1
2020-08-08,8,354,1
2020-05-30,1,313,1
2020-04-27,6,38,1
2020-03-28,7,312,1
2020-06-20,7,347,1
2020-08-27,6,368,1
2020-11-24,1,330,1
2020-03-08,8,350,1
2020-01-18,7,312,1
2020-02-24,8,314,1
2020-08-23,7,354,1
2020-03-14,4,346,1
2020-12-12,7,377,1
2020-02-24,8,314,1
2020-05-13,1,38,1
2020-05-13,1,38,1
2020-05-06,7,324,1
2020-02-02,6,312,1
2020-05-30,1,313,1
2020-04-27,1,314,1
2020-02-17,7,311,1
2020-12-01,8,356,1
2020-11-27,8,320,1
2020-03-15,7,340,1
2020-05-07,7,351,1
2020-05-06,7,324,1
2020-07-11,8,387,1
2020-04-15,7,312,1
2020-08-13,7,352,2
2020-05-16,6,313,1
2020-06-07,4,342,1
2020-05-13,1,38,1
2020-08-27,6,368,1
2020-07-03,4,373,1
2020-12-11,7,375,1
2020-01-21,8,346,1
2020-01-18,7,312,1
2020-02-02,6,312,1
2020-03-26,8,312,1
2020-04-25,4,324,1
2020-03-08,8,350,1
2020-12-12,8,377,1
2020-03-28,7,312,1
2020-05-30,4,314,1
2020-12-08,7,334,1
2020-08-15,1,377,1
2020-08-23,7,354,1
2020-08-15,8,328,1
2020-01-22,4,311,1
2020-04-15,7,312,1
2020-03-28,7,312,1
2020-06-05,4,313,1
2020-04-27,6,38,1
2020-05-14,7,313,1
2020-03-22,4,311,1
2020-05-01,4,312,1
2020-11-24,1,330,1
2020-08-07,7,352,1
2020-04-27,1,314,1
2020-08-28,8,373,1
2020-05-30,4,314,1
2020-06-20,7,347,1
2020-08-13,7,352,2
2020-07-08,1,354,1
2020-02-15,1,312,1
2020-04-27,1,314,1
2020-04-27,1,314,1
2020-06-07,4,342,1
2020-12-18,4,352,1
2020-04-27,7,348,1
2020-08-13,7,352,2
2020-12-05,6,387,1
2020-08-13,7,352,2
2020-01-18,7,312,1
2020-04-25,4,324,1
2020-08-13,7,352,2
2020-12-08,7,334,1
2020-01-21,8,346,1
2020-11-23,7,326,1
2020-11-27,8,320,1
2020-04-25,4,324,1
2020-03-08,8,350,1
2020-08-13,7,352,2
2020-05-16,6,313,1
2020-08-15,1,377,1
2020-06-07,4,342,1
2020-04-16,7,347,1
2020-12-12,8,377,1
2020-08-07,7,352,1
2020-05-01,4,312,1
2020-08-15,8,328,1
2020-08-13,7,352,2
2020-08-03,1,352,1
2020-08-15,8,328,1
2020-03-15,7,340,1
2020-05-22,7,314,1
2020-01-18,8,38,1
2020-01-21,8,346,1
2020-07-03,7,367,1
2020-12-12,7,377,1
2020-08-07,7,352,1
2020-01-18,8,38,1
2020-01-18,8,38,1
2020-08-28,4,370,1
2020-01-18,7,312,1
2020-04-07,7,311,1
2020-01-18,8,38,1
2020-08-26,4,387,1
2020-06-07,4,342,1
2020-05-01,4,312,1
2020-11-23,7,326,1
2020-05-01,4,312,1
2020-11-16,8,377,1
2020-08-31,8,373,1
2020-12-05,6,387,1
2020-07-03,7,367,1
2020-03-27,7,311,1
2020-05-16,7,313,1
2020-04-16,7,347,1
2020-11-20,8,360,1
2020-11-23,7,326,1
2020-03-14,4,346,1
2020-03-28,7,314,1
2020-12-01,8,356,1
2020-08-07,7,352,1
2020-11-23,7,326,1
2020-12-12,7,362,1
2020-01-21,8,346,1
2020-04-07,7,351,1
2020-08-07,7,352,1
2020-05-14,7,313,1
2020-04-07,7,311,1
2020-08-30,7,370,1
2020-04-07,7,311,1
2020-04-07,7,351,1
2020-11-24,1,330,1
2020-08-15,8,328,1
2020-05-06,7,324,1
2020-05-24,8,322,1
2020-05-22,7,314,1
2020-12-14,7,377,1
2020-01-18,7,312,1
2020-03-14,4,346,1
2020-07-08,1,354,1
2020-08-14,6,377,1
2020-04-15,7,312,1
2020-04-30,8,330,1
2020-05-30,4,314,1
2020-02-17,7,311,1
2020-03-28,7,314,1
2020-08-08,8,354,1
2020-01-18,8,38,1
2020-01-18,7,312,1
2020-07-11,8,387,1
2020-03-15,7,340,1
2020-11-20,8,360,1
2020-05-16,6,313,1
2020-05-01,4,312,1
2020-03-08,8,350,1
2020-04-07,7,311,1
2020-07-11,8,387,1
2020-12-12,7,362,1
2020-01-21,8,346,1
2020-04-07,7,351,1
2020-04-16,7,347,1
2020-08-28,4,370,1
2020-05-06,7,324,1
2020-04-16,7,347,1
2020-12-05,6,387,1
2020-11-27,8,320,1
2020-05-14,7,313,1
2020-05-16,7,313,1
2020-12-18,4,352,1
2020-04-20,7,38,1
2020-04-01,8,311,1
2020-12-14,7,377,1
2020-08-28,8,373,1
2020-08-28,4,370,1
2020-05-13,1,38,1
2020-12-12,7,362,1
2020-08-12,7,377,1
2020-05-30,1,313,1
2020-05-06,7,324,1
2020-11-16,8,377,1
2020-05-06,7,324,1
2020-03-26,8,312,1
2020-04-07,7,311,1
2020-07-11,8,387,1
2020-04-07,7,351,1
2020-02-24,8,314,1
2020-02-17,7,311,1
2020-08-30,7,370,1
2020-03-27,7,311,1
2020-05-06,7,324,1
2020-07-11,8,387,1
2020-12-06,8,360,1
2020-08-07,7,352,1
2020-04-08,7,326,1
2020-04-27,7,348,1
2020-05-16,7,313,1
2020-08-15,1,377,1
2020-08-28,4,370,1
2020-02-24,8,314,1
2020-04-25,4,324,1
2020-04-25,4,324,1
2020-04-07,7,311,1
2020-04-27,7,348,1
2020-04-27,1,314,1
2020-08-25,8,334,1
2020-11-20,8,360,1
2020-08-12,7,377,1
2020-07-11,8,387,1
2020-04-07,7,311,1
2020-01-22,4,311,1
2020-05-13,1,38,1
2020-08-25,8,334,1
2020-07-22,8,377,1
2020-03-27,7,311,1
2020-06-07,4,342,1
2020-04-27,7,348,1
2020-06-24,7,320,1
2020-02-15,1,312,1
2020-05-16,6,313,1
2020-04-16,7,347,1
2020-06-24,7,320,1
2020-08-26,4,387,1
2020-08-08,8,354,1
2020-08-23,7,354,1
2020-12-25,8,387,1
2020-05-01,4,312,1
2020-05-06,7,324,1
2020-08-30,7,370,1
2020-04-01,8,311,1
2020-04-20,7,38,1
2020-08-28,4,370,1
2020-08-03,1,352,1
2020-08-30,7,370,1
2020-06-24,7,320,1
2020-04-16,7,347,1
2020-05-01,4,312,1
2020-07-03,4,373,1
2020-04-15,7,312,1
2020-08-28,8,373,1
2020-04-25,4,324,1
2020-01-18,8,38,1
2020-03-27,7,311,1
2020-05-06,7,324,1
2020-03-08,8,350,1
2020-06-05,4,313,1
2020-07-11,8,387,1
2020-05-22,7,314,1
2020-05-30,4,314,1
2020-04-21,7,312,1
2020-08-14,6,377,1
2020-04-20,7,38,1
2020-04-16,7,347,1
2020-03-22,4,311,1
2020-08-08,8,354,1
2020-02-17,7,311,1
2020-07-08,1,354,1
2020-05-14,7,313,1
2020-06-20,7,347,1
2020-04-07,7,351,1
2020-08-27,6,368,1
2020-02-24,8,314,1
2020-03-28,7,314,1
2020-03-26,8,312,1
2020-12-06,8,360,1
2020-03-28,7,312,1
2020-08-28,8,373,1
2020-05-01,4,312,1
2020-08-23,7,354,1
2020-08-15,1,377,1
2020-04-20,7,38,1
2020-08-03,1,352,1
2020-08-23,7,354,1
2020-08-13,7,352,2
2020-04-08,7,326,1
2020-08-03,1,352,1
2020-08-03,1,352,1
2020-07-22,8,377,1
2020-08-15,8,328,1
2020-05-30,4,314,1
2020-11-23,7,326,1
2020-03-28,7,312,1
2020-08-28,4,370,1
2020-08-08,8,354,1
2020-02-24,8,314,1
2020-08-26,4,387,1
2020-08-08,8,354,1
2020-02-02,6,312,1
2020-11-16,8,377,1
2020-02-15,1,312,1
2020-07-03,4,373,1
2020-08-31,8,373,1
2020-05-24,8,322,1
2020-08-15,8,328,1
2020-03-28,7,314,1
2020-03-22,4,311,1
2020-04-27,7,348,1
2020-04-07,7,311,1
2020-03-27,7,311,1
2020-08-23,7,354,1
2020-04-07,7,311,1
2020-08-03,1,352,1
2020-08-31,8,373,1
2020-08-13,7,352,2
2020-04-15,7,312,1
2020-03-08,8,350,1
2020-03-15,7,340,1
2020-01-18,7,312,1
2020-08-03,1,352,1
2020-01-18,7,312,1
2020-05-07,7,351,1
2020-07-11,8,387,1
2020-01-18,7,312,1
2020-03-28,7,314,1
2020-08-12,7,377,1
2020-08-25,8,334,1
2020-08-23,7,354,1
2020-11-20,8,360,1
2020-04-08,7,326,1
2020-08-30,7,370,1
2020-12-06,8,360,1
2020-04-21,7,312,1
2020-03-28,7,314,1
2020-08-15,1,377,1
2020-07-08,1,354,1
2020-04-27,6,38,1
2020-12-11,7,375,1
2020-11-20,8,360,1
2020-07-03,4,373,1
2020-08-13,7,352,2
2020-11-20,8,360,1
2020-12-06,8,360,1
2020-03-28,7,314,1
2020-07-11,8,387,1
2020-12-25,8,387,1
2020-05-22,7,314,1
2020-05-06,7,324,1
2020-04-15,7,312,1
2020-03-13,7,350,1
2020-11-20,8,360,1
2020-05-07,7,351,1
2020-08-15,8,328,1
2020-03-13,7,350,1
2020-04-07,7,311,1
2020-08-03,1,352,1
2020-01-18,7,312,1
2020-11-20,8,360,1
2020-01-22,4,311,1
2020-03-28,7,314,1
2020-04-16,7,347,1
2020-12-12,7,362,1
2020-01-18,8,38,1
2020-05-01,4,312,1
2020-12-18,4,352,1
2020-04-16,7,347,1
2020-03-15,7,340,1
2020-08-14,6,377,1
2020-05-13,1,38,1
2020-05-06,7,324,1
2020-05-06,7,324,1
2020-08-12,7,377,1
2020-08-15,1,377,1
2020-06-05,4,313,1
2020-03-15,7,340,1
2021-08-08,1,536,1
2021-07-13,7,477,1
2021-12-27,1,528,1
2021-08-27,4,477,1
2021-08-01,8,477,1
2021-11-28,1,480,1
2021-12-30,6,482,1
2021-08-14,8,215,1
2021-07-14,4,605,1
2021-07-03,7,528,1
2021-07-01,1,220,1
2021-08-30,4,464,1
2021-08-24,7,466,1
2021-07-06,8,562,1
2021-08-15,8,352,1
2021-07-13,7,485,1
2021-07-30,8,538,1
2021-11-18,7,220,1
2021-11-23,4,215,1
2021-11-08,7,477,1
2021-08-22,7,537,1
2021-12-07,7,220,1
2021-12-20,7,535,1
2021-12-12,6,214,1
2021-11-01,6,478,1
2021-07-05,4,362,1
2021-07-24,8,477,1
2021-11-07,7,604,1
2021-06-08,4,356,1
2021-08-07,7,477,1
2021-08-12,1,528,1
2021-07-27,8,462,1
2021-12-06,1,528,1
2021-08-27,4,581,1
2021-12-31,6,537,1
2021-12-01,1,215,1
2021-11-17,6,605,1
2021-05-16,7,354,1
2021-05-03,7,370,1
2021-11-07,1,478,1
2021-12-25,7,227,1
2021-11-03,8,375,1
2021-08-25,7,527,1
2021-11-25,6,484,1
2021-11-24,8,358,1
2021-07-15,6,215,1
2021-11-18,8,584,1
2021-08-17,7,540,1
2021-08-23,4,360,1
2021-11-27,6,528,1
2021-12-07,4,540,1
2021-07-08,7,385,1
2021-12-05,4,214,1
2021-07-03,7,362,1
2021-12-17,8,220,1
2021-12-15,1,478,1
2021-12-17,1,537,1
2021-05-01,7,352,1
2021-07-23,8,220,1
2021-12-15,8,480,1
2021-12-24,7,527,1
2021-12-07,7,575,1
2021-07-08,8,381,1
2021-08-01,8,528,1
2021-12-24,1,537,1
2021-12-13,7,486,1
2021-08-08,7,540,1
2021-08-11,6,477,1
2021-08-03,6,227,1
2021-12-25,8,232,1
2021-11-04,8,528,1
2021-08-23,1,223,1
2021-02-14,4,381,1
2021-08-27,7,527,1
2021-08-27,7,487,1
2021-08-24,1,535,1
2021-12-17,6,528,1
2021-08-22,6,530,1
2021-12-03,6,528,1
2021-07-15,6,477,1
2021-12-07,4,530,1
2021-07-13,7,371,1
2021-08-31,7,530,1
2021-08-07,8,464,1
2021-07-01,6,535,1
2021-07-26,7,528,1
2021-11-20,7,487,1
2021-08-06,7,477,1
2021-08-31,8,584,1
2021-12-24,7,530,1
2021-08-24,7,214,1
2021-07-23,7,377,1
2021-07-06,4,478,1
2021-07-20,6,387,1
2021-07-15,8,484,1
2021-11-30,7,476,1
2021-12-18,1,358,1
2021-11-05,1,478,1
2021-07-12,7,387,1
2021-12-11,7,476,1
2021-08-17,7,538,1
2021-08-07,8,537,1
2021-11-30,1,476,1
2021-07-03,7,477,1
2021-11-27,8,477,1
2021-12-13,1,480,1
2021-12-24,1,480,1
2021-12-14,6,220,1
2021-08-28,6,477,1
2021-07-26,8,582,1
2021-01-31,4,360,1
2021-07-28,6,528,1
2021-03-31,7,368,1
2021-07-23,8,561,1
2021-08-05,4,484,1
2021-12-31,4,537,1
2021-11-17,8,214,1
2021-11-05,7,480,1
2021-11-03,4,541,1
2021-07-21,7,480,1
2021-07-13,7,478,1
2021-11-23,4,476,1
2021-07-27,7,487,1
2021-07-22,4,535,1
2021-01-08,7,381,1
2021-08-28,7,484,1
2021-08-08,8,477,1
2021-11-08,8,485,1
2021-08-28,8,471,1
2021-12-23,4,477,1
2021-11-01,6,527,1
2021-12-05,8,214,1
2021-08-18,7,482,1
2021-08-02,1,480,1
2021-07-25,7,537,1
2021-08-05,1,485,1
2021-08-17,4,220,1
2021-12-25,1,214,1
2021-08-30,7,527,1
2021-08-14,7,538,1
2021-07-02,7,478,1
2021-07-08,7,478,1
2021-08-01,8,358,1
2021-08-06,7,360,1
2021-11-17,1,480,1
2021-08-02,8,527,1
2021-07-07,7,358,1
2021-08-04,6,480,1
2021-07-11,4,477,1
2021-11-17,7,214,1
2021-08-04,4,477,1
2021-07-30,1,471,1
2021-07-07,7,477,1
2021-08-02,1,535,1
2021-12-17,1,474,1
2021-07-21,1,538,1
2021-12-25,4,476,1
2021-07-31,7,220,1
2021-08-31,8,528,1
2021-08-30,6,475,1
2021-08-20,8,220,1
2021-07-15,4,478,1
2021-07-23,6,464,1
2021-08-13,8,570,1
2021-06-21,8,368,1
2021-07-15,7,483,1
2021-12-28,4,214,1
2021-07-05,7,485,1
2021-11-06,4,477,2
2021-12-17,7,576,1
2021-08-14,8,226,1
2021-07-03,1,538,1
2021-08-23,4,477,1
2021-08-22,4,220,1
2021-04-27,4,373,1
2021-08-08,4,232,1
2021-12-03,1,535,1
2021-11-06,1,485,1
2021-08-07,4,223,1
2021-08-14,8,530,1
2021-08-11,4,528,1
2021-07-17,1,220,1
2021-07-26,4,477,1
2021-08-26,1,528,1
2021-01-26,7,330,1
2021-08-07,6,538,1
2021-12-21,8,480,1
2021-07-16,1,223,1
2021-12-28,6,537,1
2021-07-24,1,232,1
2021-08-16,4,356,1
2021-07-15,1,387,1
2021-08-15,1,604,1
2021-08-14,6,235,1
2021-12-20,8,223,1
2021-12-17,4,583,1
2021-12-24,1,537,1
2021-08-20,1,466,1
2021-06-13,4,371,1
2021-12-23,7,215,1
2021-08-07,8,477,1
2021-12-28,1,584,1
2021-07-08,7,480,1
2021-07-02,7,385,1
2021-07-08,8,527,1
2021-11-28,8,477,1
2021-11-23,1,477,1
2021-08-30,4,537,1
2021-04-01,8,373,1
2021-12-06,4,215,1
2021-07-12,4,214,1
2021-11-12,8,541,1
2021-12-03,1,528,1
2021-07-27,8,540,1
2021-08-08,1,536,1
2021-07-28,7,377,1
2021-07-04,7,356,1
2021-08-28,4,223,1
2021-12-25,7,215,1
2021-12-03,8,220,1
2021-08-30,1,480,2
2021-11-17,8,385,1
2021-12-07,4,223,1
2021-08-22,7,477,1
2021-12-07,4,480,1
2021-08-15,1,527,1
2021-12-25,8,223,1
2021-12-01,6,535,1
2021-03-18,7,370,1
2021-11-21,1,226,1
2021-08-15,1,536,1
2021-11-23,7,214,1
2021-07-17,4,464,1
2021-11-14,7,538,1
2021-07-28,8,485,1
2021-07-11,8,232,1
2021-08-11,7,530,1
2021-11-08,4,472,1
2021-05-01,1,322,1
2021-11-04,4,466,1
2021-07-21,4,477,1
2021-08-01,6,232,1
2021-08-07,1,478,1
2021-08-20,1,535,1
2021-08-25,7,540,1
2021-11-26,8,484,1
2021-11-03,7,487,1
2021-11-07,7,220,1
2021-07-04,6,541,1
2021-08-12,8,215,1
2021-08-25,7,477,1
2021-07-24,6,474,1
2021-11-17,4,220,1
2021-12-01,7,540,1
2021-12-07,4,466,1
2021-08-31,7,480,1
2021-08-20,7,464,1
2021-08-27,8,235,1
2021-08-24,8,480,1
2021-11-14,7,537,1
2021-07-30,8,528,1
2021-08-21,8,214,1
2021-07-08,7,528,1
2021-12-15,8,528,1
2021-07-17,4,537,1
2021-08-25,8,485,1
2021-08-07,8,480,1
2021-08-06,8,527,1
2021-08-07,7,540,1
2021-08-23,4,485,1
2021-08-01,4,487,1
2021-08-08,7,527,1
2021-07-31,4,540,1
2021-08-14,7,477,1
2021-11-14,4,478,1
2021-12-23,4,215,1
2021-08-28,7,477,1
2021-12-20,8,575,1
2021-02-20,7,328,1
2021-06-17,1,328,1
2021-06-15,4,332,1
2021-08-24,1,486,1
2021-12-14,1,540,1
2021-11-28,4,477,1
2021-12-01,7,586,1
2021-08-25,4,232,1
2021-12-08,4,214,1
2021-11-13,1,562,1
2021-08-25,4,215,1
2021-11-16,1,528,1
2021-11-18,1,477,1
2021-07-13,4,474,1
2021-07-30,6,528,2
2021-12-31,8,580,1
2021-02-25,7,370,1
2021-11-02,7,477,1
2021-07-13,4,358,1
2021-11-13,7,375,1
2021-08-07,8,235,1
2021-07-26,1,483,1
2021-11-28,7,587,1
2021-08-11,6,600,1
2021-08-02,4,527,1
2021-07-26,6,215,1
2021-11-14,8,477,1
2021-02-12,7,330,1
2021-07-08,8,487,1
2021-03-27,7,375,1
2021-07-03,7,561,1
2021-11-14,7,572,1
2021-12-12,7,214,1
2021-12-28,7,605,1
2021-11-15,1,480,1
2021-12-08,7,470,1
2021-08-30,7,477,1
2021-11-07,7,537,1
2021-08-01,7,486,1
2021-08-07,7,530,1
2021-07-30,7,605,1
2021-11-01,6,477,1
2021-07-17,6,538,1
2021-08-26,7,362,1
2021-12-04,7,527,1
2021-08-07,1,223,1
2021-08-18,7,478,1
2021-07-22,1,477,1
2021-08-21,7,537,1
2021-07-17,8,214,1
2021-07-15,1,540,1
2021-11-27,8,477,1
2021-08-27,8,477,1
2021-07-16,1,537,1
2021-07-06,7,480,1
2021-07-30,8,604,1
2021-12-07,7,477,1
2021-08-11,4,385,1
2021-08-12,8,464,1
2021-12-06,6,485,1
2021-07-20,8,538,1
2021-07-07,4,220,1
2021-01-07,7,362,1
2021-12-30,4,484,1
2021-08-06,7,223,1
2021-12-13,8,223,1
2021-08-24,8,541,1
2021-07-18,1,540,1
2021-11-30,4,535,1
2021-08-08,7,220,1
2021-07-05,4,537,1
2021-11-18,8,527,1
2021-12-04,8,477,1
2021-08-16,4,485,1
2021-07-16,6,527,1
2021-07-28,1,477,1
2021-11-15,4,478,1
2021-08-15,8,226,1
2021-12-26,1,232,1
2021-12-30,4,381,1
2021-12-17,6,537,1
2021-12-26,1,477,1
2021-07-15,8,527,1
2021-11-18,8,583,1
2021-07-26,1,538,1
2021-07-26,4,485,1
2021-08-28,7,220,1
2021-06-27,7,362,1
2021-08-06,4,485,1
2021-11-07,6,540,1
2021-07-13,8,223,1
2021-08-27,7,477,1
2021-12-31,8,477,1
2021-12-08,7,577,1
2021-08-07,7,480,1
2021-07-07,7,215,1
2021-12-07,4,528,1
2021-12-07,6,474,1
2021-08-04,1,478,1
2021-08-26,8,478,1
2021-12-16,7,385,1
2021-11-21,1,220,1
2021-12-12,7,530,1
2021-08-25,4,565,1
2021-07-25,1,537,1
2021-08-14,4,215,1
2021-08-26,4,488,1
2021-12-26,8,477,1
2021-08-17,7,537,1
2021-08-12,8,477,1
2021-12-01,7,214,1
2021-12-13,1,485,1
2021-08-26,7,226,1
2021-11-14,1,466,1
2021-12-12,4,220,1
2021-08-25,4,606,1
2021-12-30,1,540,1
2021-08-25,7,481,1
2021-07-28,7,223,1
2021-08-06,7,478,1
2021-12-21,6,360,1
2021-08-15,6,478,1
2021-12-28,7,562,1
2021-08-15,6,227,1
2021-08-16,7,487,1
2021-11-07,1,354,1
2021-07-28,8,227,1
2021-03-20,7,360,1
2021-08-24,4,528,1
2021-12-05,8,385,1
2021-07-26,8,527,1
2021-08-13,7,383,1
2021-12-23,4,488,1
2021-02-20,7,377,1
2021-08-17,7,220,1
2021-08-17,7,354,1
2021-07-25,7,528,1
2021-08-06,7,488,1
2021-04-04,7,387,1
2021-11-24,1,220,1
2021-08-24,4,478,1
2021-05-31,4,367,1
2021-11-07,7,477,1
2021-07-07,7,478,1
2021-07-23,8,541,1
2021-12-07,7,564,1
2021-08-21,6,215,1
2021-12-05,6,478,1
2021-07-16,4,477,1
2021-11-28,1,483,1
2021-08-17,4,477,2
2021-08-12,8,565,1
2021-11-17,4,486,1
2021-08-03,8,352,1
2021-08-25,4,540,1
2021-07-20,6,477,1
2021-08-07,7,535,1
2021-12-30,1,215,1
2021-08-24,6,478,1
2021-08-08,7,480,1
2021-08-28,7,480,1
2021-07-08,7,487,1
2021-11-15,4,560,1
2021-07-04,6,477,1
2021-07-18,7,527,1
2021-03-12,1,336,1
2021-12-13,7,530,1
2021-07-27,6,528,1
2021-07-12,6,536,1
2021-11-13,1,477,1
2021-12-04,1,478,1
2021-12-26,4,214,1
2021-08-28,4,575,1
2021-08-08,7,477,1
2021-12-15,7,487,1
2021-08-31,7,530,1
2021-08-02,4,477,1
2021-08-25,7,487,1
2021-07-24,1,535,1
2021-12-04,1,537,1
2021-11-25,6,528,1
2021-11-18,6,480,1
2021-11-17,7,487,1
2021-12-15,6,577,1
2021-11-14,1,587,1
2021-01-23,7,354,1
2021-12-27,1,484,1
2021-06-25,7,367,1
2021-11-07,7,535,1
2021-11-26,4,527,1
2021-08-24,4,486,1
2021-03-08,7,352,1
2021-07-03,7,354,1
2021-12-27,7,477,1
2021-12-31,4,223,1
2021-01-16,7,371,1
2021-11-17,7,582,1
2021-11-12,8,477,1
2021-07-27,8,528,1
2021-11-18,7,220,1
2021-08-28,7,577,1
2021-12-21,1,477,1
2021-07-17,1,528,1
2021-08-02,7,537,1
2021-07-17,8,581,1
2021-11-12,7,535,1
2021-07-04,8,484,1
2021-04-13,8,362,1
2021-12-01,7,220,1
2021-07-14,8,576,1
2021-08-26,1,527,1
2021-07-03,7,477,1
2021-08-07,7,227,1
2021-07-05,6,220,1
2021-05-27,7,326,1
2021-08-20,4,527,1
2021-07-06,8,223,1
2021-12-26,6,528,1
2021-08-08,7,478,1
2021-11-01,6,528,1
2021-08-07,8,527,1
2021-08-27,6,220,1
2021-12-26,7,387,1
2021-08-24,7,480,1
2021-12-07,7,530,1
2021-08-13,1,387,1
2021-11-23,1,478,1
2021-08-27,4,487,1
2021-12-08,7,478,1
2021-12-28,7,477,1
2021-08-12,6,476,1
2021-11-08,1,362,1
2021-11-16,4,538,1
2021-12-05,7,477,1
2021-12-27,6,528,1
2021-12-07,8,578,1
2021-12-26,8,528,1
2021-08-21,1,214,1
2021-11-17,6,584,1
2021-08-18,7,477,1
2021-11-17,8,584,1
2021-11-17,4,541,1
2021-11-28,1,530,1
2021-08-08,8,371,1
2021-07-05,1,477,1
2021-11-18,7,487,1
2021-08-05,6,220,1
2021-08-22,7,605,1
2021-08-22,1,605,1
2021-08-11,7,528,1
2021-07-07,8,358,1
2021-08-18,1,360,1
2021-08-17,7,485,1
2021-12-24,6,477,1
2021-08-31,1,568,1
2021-12-24,4,481,1
2021-11-27,1,535,1
2021-02-01,1,354,1
2021-12-05,4,528,1
2021-05-26,7,360,1
2021-08-27,6,541,1
2021-07-11,8,387,1
2021-07-24,8,215,1
2021-11-26,7,477,1
2021-11-20,6,462,1
2021-12-25,1,220,1
2021-07-14,8,537,1
2021-07-23,8,471,1
2021-08-21,1,223,1
2021-08-17,7,527,1
2021-12-02,6,474,1
2021-12-15,7,535,1
2021-11-07,4,477,2
2021-08-16,6,478,1
2021-08-16,4,485,1
2021-11-28,7,215,1
2021-12-22,1,385,1
2021-11-24,8,478,1
2021-08-05,8,466,1
2021-08-31,8,358,1
2021-07-30,4,605,1
2021-08-26,7,466,1
2021-08-12,6,480,1
2021-12-08,7,537,1
2021-08-15,8,538,1
2021-12-25,7,530,1
2021-08-30,1,477,1
2021-07-18,8,373,1
2021-07-21,7,527,1
2021-08-16,8,381,1
2021-08-12,4,535,1
2021-08-26,1,476,1
2021-08-30,7,537,1
2021-08-26,1,530,1
2021-07-07,8,480,1
2021-08-21,4,482,1
2021-12-15,8,538,1
2021-08-13,4,487,1
2021-08-17,8,530,1
2021-12-01,8,223,1
2022-06-07,1,535,1
2022-04-03,8,480,1
2022-03-07,7,214,1
2022-06-20,1,528,1
2022-06-24,8,581,1
2022-02-21,7,580,1
2022-02-12,6,485,1
2022-03-06,6,220,1
2022-01-17,7,485,1
2022-06-16,8,480,1
2022-04-23,6,466,1
2022-01-14,8,527,1
2022-02-12,7,485,1
2022-06-30,6,471,1
2022-04-24,7,215,1
2022-04-16,4,537,1
2022-01-07,7,373,1
2022-04-01,4,354,1
2022-05-30,8,530,1
2022-06-22,6,220,1
2022-06-22,7,584,1
2022-01-23,7,530,1
2022-05-24,6,362,1
2022-03-08,1,470,1
2022-05-21,1,358,1
2022-01-05,8,480,1
2022-02-15,4,541,1
2022-04-05,7,537,1
2022-06-27,4,356,1
2022-01-15,6,477,1
2022-04-27,4,215,1
2022-01-21,4,477,1
2022-04-30,7,487,1
2022-02-02,8,538,1
2022-06-08,4,360,1
2022-05-17,7,568,1
2022-03-02,4,528,1
2022-01-12,7,473,1
2022-02-04,8,480,2
2022-06-23,7,562,1
2022-04-13,4,478,2
2022-01-08,1,220,1
2022-05-07,4,220,1
2022-05-06,6,485,1
2022-02-01,4,477,1
2022-06-28,7,571,1
2022-02-27,1,235,1
2022-01-28,6,536,1
2022-05-26,7,478,1
2022-05-07,7,480,1
2022-06-17,8,577,1
2022-06-22,6,476,1
2022-02-18,4,220,1
2022-02-27,7,478,1
2022-03-28,4,537,1
2022-04-12,6,576,1
2022-01-28,7,371,1
2022-05-17,1,478,1
2022-05-07,7,537,1
2022-01-15,8,478,1
2022-02-21,7,477,1
2022-02-17,1,214,1
2022-05-27,1,214,1
2022-02-05,6,481,1
2022-02-22,7,484,1
2022-03-30,7,527,1
2022-01-14,1,358,1
2022-06-11,7,527,1
2022-04-17,7,567,1
2022-04-23,6,220,1
2022-05-31,7,584,1
2022-05-06,7,220,1
2022-05-04,6,476,1
2022-03-03,7,375,1
2022-05-14,6,485,1
2022-03-27,4,475,1
2022-01-18,4,487,1
2022-05-08,7,535,1
2022-02-11,6,527,1
2022-06-23,7,537,1
2022-02-24,7,477,2
2022-04-07,8,577,1
2022-04-06,4,574,1
2022-02-20,7,528,1
2022-04-26,1,480,1
2022-04-30,4,478,1
2022-05-22,4,487,1
2022-05-12,4,477,1
2022-01-17,1,478,1
2022-04-27,7,214,1
2022-03-25,6,530,1
2022-06-06,7,360,1
2022-04-11,7,480,1
2022-05-27,7,220,1
2022-02-26,1,537,1
2022-04-26,4,480,1
2022-05-28,7,371,1
2022-01-15,8,530,1
2022-04-17,7,486,1
2022-01-08,8,215,1
2022-04-22,8,584,1
2022-02-08,6,478,1
2022-06-21,7,220,1
2022-02-24,8,577,1
2022-04-06,1,477,1
2022-04-14,6,480,1
2022-02-22,7,477,1
2022-04-27,8,358,1
2022-02-17,7,583,1
2022-03-03,4,528,1
2022-03-04,6,232,1
2022-03-08,8,215,1
2022-04-27,4,470,1
2022-05-20,6,226,1
2022-03-08,8,528,1
2022-04-27,4,527,1
2022-05-15,7,214,1
2022-04-23,8,538,1
2022-06-21,7,477,1
2022-06-07,7,537,1
2022-04-07,7,537,1
2022-06-14,1,537,1
2022-01-12,7,477,1
2022-06-14,7,528,1
2022-06-30,8,223,1
2022-03-27,6,480,1
2022-05-25,7,466,1
2022-01-14,8,227,1
2022-06-15,6,220,1
2022-03-12,8,477,1
2022-04-22,4,528,1
2022-04-17,1,537,1
2022-06-21,8,482,1
2022-03-25,7,538,1
2022-06-11,6,223,1
2022-02-27,1,538,1
2022-01-21,7,487,1
2022-03-21,8,581,1
2022-05-23,1,354,1
2022-03-01,4,535,1
2022-03-14,4,477,1
2022-04-14,8,527,1
2022-02-07,7,472,1
2022-03-13,4,482,1
2022-06-22,4,527,1
2022-04-26,7,480,1
2022-03-16,4,587,1
2022-05-02,4,528,1
2022-01-28,8,477,1
2022-04-11,1,537,1
2022-03-28,7,473,1
2022-06-17,7,487,1
2022-05-20,4,573,1
2022-05-17,4,223,1
2022-04-13,7,483,1
2022-04-05,6,480,1
2022-06-12,8,477,1
2022-04-14,4,570,1
2022-06-20,7,362,1
2022-01-16,8,588,1
2022-06-27,8,220,1
2022-06-08,4,477,1
2022-04-25,6,464,1
2022-03-27,7,220,1
2022-04-27,4,474,1
2022-04-15,1,470,1
2022-03-27,8,214,1
2022-01-14,7,371,1
2022-01-28,8,481,1
2022-02-08,7,215,1
2022-03-12,4,232,1
2022-05-16,7,487,1
2022-05-04,7,537,1
2022-02-24,8,478,1
2022-03-11,7,541,1
2022-02-11,7,356,1
2022-06-03,7,538,1
2022-02-24,6,475,1
2022-01-11,4,537,1
2022-05-15,6,485,1
2022-02-12,4,477,1
2022-04-25,7,477,1
2022-05-24,8,536,1
2022-06-14,8,214,1
2022-04-18,8,477,1
2022-03-01,6,530,1
2022-06-27,7,477,1
2022-03-31,7,482,1
2022-05-08,7,215,1
2022-01-08,8,485,1
2022-01-08,1,480,1
2022-05-17,7,387,1
2022-02-28,7,477,1
2022-04-01,6,528,1
2022-02-27,6,477,1
2022-04-17,7,565,1
2022-04-01,4,580,1
2022-01-21,8,527,1
2022-01-16,7,540,1
2022-05-26,8,235,1
2022-02-21,6,477,1
2022-01-17,6,477,1
2022-04-07,8,214,1
2022-03-01,8,485,1
2022-03-04,7,528,1
2022-03-12,4,577,1
2022-04-04,8,477,1
2022-03-21,7,528,1
2022-01-01,7,477,2
2022-01-20,7,227,1
2022-03-07,7,528,1
2022-03-27,8,214,1
2022-02-17,4,527,1
2022-02-11,6,478,2
2022-01-02,1,537,1
2022-01-11,7,484,1
2022-05-15,6,214,1
2022-06-07,1,478,1
2022-04-28,8,528,1
2022-06-15,6,527,1
2022-01-17,7,214,1
2022-05-01,8,477,1
2022-02-08,1,223,1
2022-03-05,7,223,1
2022-05-15,1,480,1
2022-06-24,1,485,1
2022-04-08,4,528,1
2022-04-01,8,383,1
2022-06-08,8,605,1
2022-01-06,7,486,1
2022-01-17,8,484,1
2022-01-02,7,214,1
2022-03-16,1,471,1
2022-03-02,7,474,1
2022-04-12,8,606,1
2022-04-07,8,528,1
2022-04-11,7,375,1
2022-03-30,1,477,1
2022-01-22,8,215,1
2022-03-08,7,605,1
2022-03-11,4,485,1
2022-01-07,1,470,1
2022-01-11,7,576,1
2022-04-04,7,561,1
2022-03-05,4,477,1
2022-05-30,4,478,1
2022-06-08,1,537,1
2022-02-08,4,215,1
2022-03-25,6,214,1
2022-01-17,4,528,1
2022-02-28,4,478,1
2022-06-26,7,538,1
2022-04-25,8,481,1
2022-03-01,8,527,1
2022-06-08,1,477,1
2022-02-17,4,605,2
2022-06-17,8,352,1
2022-02-11,8,537,1
2022-05-14,6,483,1
2022-05-13,7,220,1
2022-05-30,4,605,1
2022-02-14,7,477,1
2022-06-07,4,464,1
2022-03-01,4,575,1
2022-06-11,7,485,1
2022-03-30,6,537,1
2022-06-16,7,470,1
2022-03-04,6,528,1
2022-03-25,7,477,1
2022-06-28,1,214,1
2022-03-05,6,580,1
2022-01-02,4,477,1
2022-02-01,1,477,1
2022-04-11,4,588,1
2022-05-05,7,480,1
2022-04-28,8,215,1
2022-03-18,4,527,1
2022-05-25,7,223,1
2022-04-16,4,477,1
2022-05-27,1,362,1
2022-04-18,4,561,1
2022-06-20,8,586,1
2022-05-08,1,578,1
2022-04-08,4,540,1
2022-06-01,8,578,1
2022-05-04,4,606,1
2022-03-21,1,540,1
2022-05-24,7,577,1
2022-02-14,8,480,1
2022-03-03,1,215,1
2022-05-20,1,471,1
2022-02-12,1,477,1
2022-01-17,4,214,1
2022-01-27,8,530,1
2022-02-27,6,583,1
2022-05-31,6,536,1
2022-03-01,7,220,1
2022-03-28,7,362,1
2022-03-01,4,477,2
2022-01-27,6,485,1
2022-04-12,7,477,1
2022-04-24,4,477,1
2022-03-17,7,475,1
2022-01-01,6,528,1
2022-06-05,7,214,1
2022-04-12,4,530,1
2022-03-01,1,480,1
2022-05-01,1,485,1
2022-03-27,6,477,1
2022-03-26,8,485,1
2022-02-05,6,214,1
2022-01-26,4,480,1
2022-05-25,7,488,1
2022-06-07,7,352,1
2022-06-14,7,471,1
2022-01-18,6,481,2
2022-06-21,8,536,1
2022-02-06,4,528,1
2022-02-24,4,220,1
2022-06-13,8,476,1
2022-01-15,1,541,1
2022-02-27,1,528,1
2022-01-27,1,472,1
2022-02-28,6,478,1
2022-03-16,7,487,1
2022-01-27,6,528,1
2022-05-28,4,477,1
2022-01-28,4,485,1
2022-02-02,8,527,1
2022-01-07,1,220,1
2022-06-16,8,466,1
2022-02-07,7,528,1
2022-03-07,7,537,1
2022-05-07,7,528,1
2022-02-04,7,560,1
2022-06-17,7,528,1
2022-01-28,7,487,1
2022-02-05,6,478,1
2022-01-02,4,215,1
2022-06-27,7,477,1
2022-03-27,7,472,1
2022-01-15,7,360,1
2022-05-06,7,480,1
2022-04-27,4,528,1
2022-02-17,4,214,1
2022-01-27,6,537,1
2022-05-27,8,227,1
2022-02-16,8,538,1
2022-02-13,7,527,1
2022-03-27,4,477,1
2022-05-31,1,528,1
2022-01-27,1,528,1
2022-06-27,4,587,1
2022-03-14,4,232,1
2022-02-06,8,487,1
2022-01-08,6,462,1
2022-04-24,7,477,1
2022-01-21,7,214,1
2022-05-28,7,482,1
2022-01-11,8,464,1
2022-03-16,7,537,1
2022-04-06,8,605,1
2022-04-15,7,488,1
2022-01-06,7,477,1
2022-05-24,7,562,1
2022-06-02,1,481,1
2022-05-12,4,214,1
2022-06-18,8,535,1
2022-03-07,4,535,1
2022-01-11,7,478,1
2022-06-23,7,563,1
2022-06-17,1,481,1
2022-04-27,7,580,1
2022-02-22,8,485,1
2022-04-11,7,563,1
2022-05-06,8,528,1
2022-04-03,8,535,1
2022-03-20,8,538,1
2022-01-04,4,536,1
2022-05-14,4,485,1
2022-04-16,4,581,1
2022-03-24,7,477,1
2022-03-13,8,480,2
2022-01-17,6,527,1
2022-01-13,4,527,1
2022-03-18,8,477,1
2022-02-23,8,477,1
2022-02-25,1,480,1
2022-03-12,1,477,1
2022-03-08,6,478,1
2022-06-26,7,527,1
2022-02-24,8,484,1
2022-01-03,1,487,1
2022-02-06,4,530,1
2022-03-13,7,352,1
2022-03-27,1,528,1
2022-04-25,7,484,1
2022-02-14,1,227,1
2022-04-17,8,605,1
2022-05-08,4,385,1
2022-06-28,8,381,1
2022-04-18,7,464,1
2022-04-17,4,478,1
2022-04-24,7,352,1
2022-02-05,7,478,1
2022-05-17,6,477,1
2022-04-27,1,527,1
2022-06-24,7,474,1
2022-06-17,7,535,1
2022-06-24,1,487,1
2022-02-02,8,232,1
2022-02-17,4,537,1
2022-05-23,1,606,1
2022-06-11,7,485,1
2022-03-15,6,215,1
2022-03-22,1,478,1
2022-01-15,7,488,1
2022-01-22,6,535,1
2022-04-16,8,527,1
2022-04-14,8,570,1
2022-03-18,7,473,1
2022-01-20,7,485,1
2022-01-22,6,540,1
2022-03-23,4,477,1
2022-03-26,7,223,1
2022-03-21,7,220,1
2022-01-18,7,471,1
2022-04-15,7,487,1
2022-01-18,4,528,1
2022-03-07,1,223,1
2022-06-28,8,487,1
2022-06-17,7,487,1
2022-06-20,4,477,1
2022-04-24,4,220,1
2022-04-22,7,541,1
2022-04-24,7,587,1
2022-01-18,7,477,1
2022-01-02,7,561,1
2022-03-17,4,477,1
2022-04-17,6,528,1
2022-01-08,6,538,1
2022-01-08,6,536,1
2022-03-04,8,487,1
2022-02-04,4,527,1
2022-04-08,4,476,1
2022-06-07,7,387,1
2022-04-23,4,215,1
2022-05-21,4,537,1
2022-01-17,8,537,1
2022-03-26,1,220,1
2022-02-06,1,223,1
2022-03-28,8,223,1
2022-03-22,8,485,1
2022-04-30,4,215,1
2022-06-11,4,477,1
2022-05-02,4,477,1
2022-02-05,7,604,1
2022-03-17,1,528,1
2022-06-08,7,485,1
2022-05-28,4,226,1
2022-05-30,1,538,1
2022-03-17,4,480,1
2022-02-20,7,530,1
2022-04-08,8,566,1
2022-03-06,7,536,1
2022-04-25,7,477,1
2022-01-03,7,540,1
2022-01-01,7,528,1
2022-04-04,4,480,1
2022-02-20,7,477,1
2022-06-07,6,528,1
2022-06-04,6,466,1
2022-05-11,8,541,1
2022-04-04,8,360,1
2022-03-18,7,538,1
2022-02-13,7,528,1
2022-02-06,1,485,1
2022-02-26,7,480,1
2022-05-11,1,480,1
2022-03-03,8,223,1
2022-05-31,6,360,1
2022-01-02,8,528,1
2022-02-17,7,354,1
2022-01-05,7,214,1
2022-03-11,4,478,1
2022-02-13,7,214,1
2022-05-04,8,571,1
2022-06-07,7,464,1
2022-06-28,4,528,2
2022-06-12,7,537,1
2022-03-07,6,476,1
2022-03-27,6,223,1
2022-04-12,8,478,1
2022-06-02,6,477,1
2022-05-31,7,568,1
2022-02-07,8,226,1
2022-04-27,7,215,1
2022-03-27,1,220,1
2022-02-17,1,536,1
2022-01-18,7,474,1
2022-05-05,8,541,1
2022-04-14,8,215,1
2022-01-15,1,232,1
2022-04-26,4,478,1
2022-06-03,7,478,1
2022-02-25,1,477,1
2022-02-06,8,535,1
2022-06-27,4,537,1
2022-05-30,7,220,1
2022-03-27,7,477,1
2022-05-07,7,362,1
2022-01-31,8,477,1
2022-01-15,7,527,1
2022-06-27,8,541,1
2022-03-27,1,475,1
2022-02-07,4,476,1
2022-02-23,8,475,1
2022-02-17,1,530,1
2022-04-05,8,537,1
2022-01-22,7,477,1
2022-05-30,7,537,1
2022-04-08,8,383,1
2022-04-13,1,477,1
2022-06-22,6,488,1
2022-01-26,4,530,1
2022-01-22,7,215,1
2022-04-03,6,486,1
2022-05-23,7,572,1
2022-01-12,4,484,1
2022-05-28,7,220,1
2022-06-15,7,480,1
2022-03-13,7,358,1
2022-02-23,4,462,1
2022-01-11,1,484,1
2022-03-07,6,472,1
2022-02-07,8,537,1
2022-06-30,8,477,1
2022-06-03,1,538,1
2022-05-16,7,488,1
2022-02-22,4,232,1
2022-03-28,7,476,1
2022-06-21,8,220,1
2022-02-28,7,537,1
2022-03-07,7,214,1
2022-06-25,7,527,1
2022-01-30,4,528,1
2022-01-25,6,477,1
2022-05-26,8,220,1
2022-01-11,7,220,1
2022-03-07,7,536,1
2022-06-17,1,356,1
2022-01-28,8,530,1
2022-04-02,8,480,1
2022-03-20,1,480,1
2022-04-26,7,488,1
2022-03-03,1,540,1
2022-01-04,7,484,1
2022-05-27,8,485,1
2022-05-27,1,528,1
2022-05-27,7,478,1
2022-03-21,6,538,1
2022-04-15,7,477,1
2022-04-26,1,220,1
2022-01-07,7,214,1
2022-02-05,6,535,1
2022-02-18,6,530,1
2022-05-31,8,477,1
2022-06-07,7,538,1
2022-05-21,1,535,1
2022-06-07,4,485,1
2022-01-31,8,535,1
2022-02-26,5,540,1
2022-06-03,7,477,1
2022-04-22,8,530,1
2022-05-18,7,536,1
2022-01-03,7,477,1
2022-01-26,6,226,1
2022-03-03,6,462,1
2022-02-20,8,227,1
2022-05-02,4,214,1
2022-06-25,7,223,1
2022-02-07,8,537,1
2022-01-22,8,527,1
2022-04-25,7,530,1
2022-02-06,4,477,1
2022-02-28,7,536,1
2022-06-13,8,581,1
2022-05-12,8,360,1
2022-05-15,1,487,1
2022-05-07,7,538,1
2022-05-03,7,527,1
2022-04-11,7,477,1
2022-06-28,7,575,1
2022-01-08,8,535,1
2022-06-16,7,477,1
2022-02-01,1,600,1
2022-05-17,1,480,1
2022-02-05,4,541,1
2022-01-03,8,480,1
2022-04-08,7,484,1
2022-01-11,4,527,1
2022-06-25,7,537,1
2022-06-26,6,477,1
2022-04-11,4,536,1
2022-05-07,8,214,1
2022-04-04,4,538,1
2022-02-25,1,466,1
2022-05-01,4,215,1
2022-02-14,6,535,1
2022-01-06,7,223,1
2022-05-26,6,528,1
2022-03-28,1,215,1
2022-06-22,7,477,1
2022-03-12,8,360,1
2022-02-15,4,223,1
2022-01-07,6,474,1
2022-06-25,7,477,1
2022-03-14,7,606,1
2022-04-02,8,220,1
2022-06-25,7,477,1
2022-06-14,6,227,1
2022-05-15,6,235,1
2022-02-07,8,478,1
2022-06-21,8,477,1
2022-06-08,1,356,1
2022-04-08,7,488,1
2022-06-25,7,484,1
2022-06-01,8,358,1
2022-04-23,7,480,1
2022-06-25,7,478,1
2022-02-02,7,477,1
2022-05-08,6,537,1
2022-01-31,6,537,1
2022-05-08,4,476,1
2022-05-08,4,480,1
2022-05-21,4,226,1
2022-01-21,8,477,1
2022-02-14,7,362,1
2022-05-08,4,537,1
2022-01-20,8,538,1
2022-03-25,4,530,1
2022-03-23,8,536,1
2022-05-20,4,582,1
2022-04-25,1,485,1
2022-06-25,6,223,1
2022-01-23,6,223,1
2022-01-11,7,477,1
2022-01-31,4,477,1
2022-03-20,7,466,1
2022-06-22,1,485,1
2022-02-11,6,477,1
2022-06-05,1,477,1
2022-06-15,1,223,1
2022-01-02,8,214,1
2022-06-07,6,235,1
2022-01-07,4,477,1
2022-03-27,8,576,1
2022-05-06,7,528,1
2022-02-20,4,573,1
2022-02-28,7,482,1
2022-05-17,7,214,1
2022-04-23,1,484,1
2022-04-30,8,581,1
2022-05-12,4,227,1
2022-05-14,6,536,1
2022-02-22,4,223,1
2022-04-28,7,535,1
2022-02-27,7,226,1
2022-03-22,7,220,1
2022-01-30,7,462,1
2022-05-26,8,530,1
2022-05-05,4,480,1
2022-06-12,4,478,1
2022-04-18,1,383,1
2022-05-27,4,538,1
2022-04-06,1,220,1
2022-01-27,7,466,1
2022-01-27,7,536,1
2022-05-31,6,535,1
2022-06-17,8,563,1
2022-05-17,7,220,1
2022-05-08,7,223,1
2022-03-07,1,352,1
2022-04-01,4,215,1
2022-03-04,4,477,1
2022-02-06,8,600,1
2022-01-25,1,527,1
2022-06-07,1,537,1
2022-04-28,8,528,1
2022-01-27,4,606,1
2022-06-24,1,480,1
2022-02-08,4,478,1
2022-04-28,7,377,1
2022-02-24,8,588,1
2022-02-27,4,527,1
2022-03-20,4,470,1
2022-01-24,7,477,2
2022-02-06,4,537,1
2022-02-07,7,477,1
2022-03-28,4,214,1
2022-02-17,4,528,1
2022-03-22,7,480,1
2022-05-23,4,574,1
2022-05-24,1,462,1
2022-06-11,7,584,1
2022-01-26,6,537,1
2022-05-04,8,538,1
2022-03-20,7,360,1
2022-05-26,8,537,1
2022-05-24,6,528,1
2022-06-22,7,540,1
2022-02-12,8,477,1
2022-05-05,4,483,1
2022-06-16,7,535,1
2022-06-12,7,527,1
2022-06-15,8,485,1
2022-06-17,1,354,1
2022-04-30,7,480,1
2022-06-03,7,477,1
2022-06-06,6,476,1
2022-03-17,7,541,1
2022-06-26,1,472,1
2022-04-08,8,471,1
2022-02-23,4,226,1
2022-05-30,7,582,1
2022-03-28,7,223,1
2022-04-07,8,480,1
2022-01-22,4,527,1
2022-05-14,7,477,1
2022-02-15,6,477,1
2022-06-08,7,477,1
2022-04-28,4,358,1
2022-05-08,6,478,1
2022-03-14,7,530,1
2022-06-28,1,587,1
2022-06-05,1,220,1
2022-02-15,7,606,1
2022-05-26,7,477,1
2022-05-11,6,536,1
2022-03-02,6,530,1
2022-05-06,6,466,1
2022-03-21,7,573,1
2022-06-30,7,477,1
2022-05-17,8,214,1
2022-03-11,6,214,1
2022-02-20,8,485,1
2022-05-25,8,215,1
2022-05-01,4,360,1
2022-05-02,7,480,1
2022-02-24,7,562,1
2022-03-15,6,480,1
2022-03-17,4,535,1
2022-02-14,4,530,1
2022-06-23,6,528,1
2022-06-07,1,462,1
2022-04-03,4,471,1
2022-03-08,8,606,1
2022-04-07,7,220,1
2022-05-05,1,483,1
2022-06-28,8,477,1
2022-06-17,7,462,1
2022-06-14,8,477,1
2022-04-30,1,480,1
2022-06-07,4,352,1
2022-05-05,7,487,1
2022-06-06,6,485,1
2022-04-17,4,214,1
2022-06-24,1,477,1
2022-04-23,7,527,1
2022-01-17,7,477,1
2022-02-17,7,385,1
2022-05-16,1,567,1
2022-02-01,4,485,1
2022-04-12,7,575,1
2022-01-07,4,478,1
2022-04-15,7,480,1
2022-02-05,4,477,1
